Зыков;Мечислав;915-4330597
Мамонтов;Елисей;915-8486711
Цветков;Соломон;915-8000238
Фролов;Касьян;915-1375418
Зуев;Максим;915-7398052
Захаров;Панкрат;915-3304062
Быков;Авраам;915-3349790
Зимин;Адольф;915-3071998
Мишин;Терентий;915-2617760
Зыков;Бронислав;915-2969691
Афанасьев;Антон;915-1522962
Жуков;Фрол;915-3097825
Виноградов;Осип;915-9888951
Лихачёв;Кондратий;915-1818594
Лыткин;Мартин;915-5800906
Веселов;Севастьян;915-9414408
Елисеев;Герасим;915-2754942
Лебедев;Августин;915-2172879
Егоров;Мирослав;915-9789752
Тихонов;Остап;915-4063384
Шаров;Виталий;915-4905834
Лыткин;Всеволод;915-4037191
Андреев;Андрей;915-3983252
Евдокимов;Демьян;915-7495440
Шубин;Флор;915-8801565
Меркушев;Игнат;915-3586093
Белоусов;Юстин;915-4789166
Баранов;Леонард;915-1310021
Никитин;Ермолай;915-4232285
Овчинников;Павел;915-7350013
Мартынов;Кассиан;915-3917571
Колесников;Гаянэ;915-5283543
Фокин;Ефрем;915-5221412
Молчанов;Михаил;915-6333460
Мартынов;Орест;915-2643233
Осипов;Власий;915-6232250
Шарапов;Максим;915-8394323
Емельянов;Болеслав;915-6225600
Калинин;Игорь;915-4352788
Моисеев;Аверкий;915-2267216
Новиков;Николай;915-7944809
Стрелков;Любомир;915-4621541
Некрасов;Самуил;915-8718383
Молчанов;Елисей;915-6056267
Куликов;Игнатий;915-8297023
Кабанов;Эдуард;915-4335185
Авдеев;Максимилиан;915-2588764
Зайцев;Ермак;915-4559115
Комиссаров;Ипполит;915-3724337
Максимов;Олег;915-3670356
Андреев;Петр;915-4417450
Киселёв;Ипполит;915-2894149
Русаков;Зиновий;915-7138704
Евдокимов;Сергей;915-2118779
Павлов;Василий;915-3776278
Волков;Юлиан;915-9620240
Дорофеев;Велорий;915-9717046
Панфилов;Гаянэ;915-8177781
Пахомов;Михаил;915-2741003
Силин;Вилли;915-6641654
Елисеев;Анатолий;915-8166317
Макаров;Богдан;915-3746876
Кудряшов;Юстин;915-3064247
Юдин;Исаак;915-9952270
Моисеев;Роман;915-9244507
Самойлов;Игорь;915-2342464
Емельянов;Георгий;915-8078221
Одинцов;Фрол;915-8435814
Григорьев;Венедикт;915-5581735
Калашников;Михаил;915-5033827
Никифоров;Ефрем;915-1489235
Гуляев;Ермак;915-3093060
Шаров;Емельян;915-3509635
Комаров;Виссарион;915-4307666
Гущин;Ефим;915-8991828
Тимофеев;Мечеслав;915-2560950
Суханов;Влас;915-2526687
Веселов;Орест;915-1601902
Некрасов;Денис;915-4195301
Карпов;Исаак;915-2568067
Гущин;Модест;915-7310168
Исаев;Августин;915-8847150
Бобров;Модест;915-7541482
Данилов;Бенедикт;915-4918927
Шашков;Лавр;915-3315434
Гришин;Власий;915-8079158
Овчинников;Дональд;915-6416903
Блинов;Пантелеймон;915-3840640
Никитина;Фаиза;915-2214175
Андреева;Вера;915-5368191
Васильева;Адель;915-5799075
Ершова;Гелена;915-4304417
Селезнёва;Весняна;915-6598566
Кириллова;Луиза;915-3704790
Носова;Габи;915-9700533
Фомина;Вероника;915-1709491
Куликова;Илона;915-5974292
Чернова;Видана;915-3457660
Симонова;Элиза;915-9884121
Шарапова;Альвина;915-3538913
Петрова;Божена;915-7501102
Никифорова;Мэри;915-1839239
Зиновьева;Анисья;915-6753333
Михеева;Нега;915-5081577
Шашкова;Нила;915-4885272
Лебедева;Милана;915-8738257
Лаврентьева;Гражина;915-6690972
Андреева;Тереза;915-3276195
Авдеева;Мериса;915-7082160
Васильева;Алика;915-3342836
Суворова;Патрисия;915-2282999
Королёва;Альжбета;915-7851058
Ильина;Арина;915-8078963
Некрасова;Карина;915-6230714
Шашкова;Динара;915-8484694
Макарова;Сабина;915-6383608
Родионова;Илона;915-6618611
Симонова;София;915-1977453
Лазарева;Лиана;915-9571198
Маркова;Азалия;915-1140818
Гущина;Ася;915-2875926
Пономарёва;Радмила;915-7732894
Савельева;Аза;915-5390511
Рыбакова;Джульетта;915-6560233
Мельникова;Иоанна;915-2062807
Кудряшова;Зинаида;915-5150180
Потапова;Селена;915-4250811
Иванкова;Сима;915-9678248
Гурьева;Авигея;915-4550303
Белозёрова;Милена;915-5370422
Сидорова;Эльга;915-6951994
Лебедева;Илона;915-7438621
Трофимова;Ветта;915-6651763
Лобанова;Амира;915-9838470
Белова;Кара;915-4229520
Сергеева;Гелана;915-9935931
Денисова;Хана;915-1360428
Гордеева;Диодора;915-2189267
Ермакова;Зарина;915-5965975
Лапина;Любовь;915-7050634
Шестакова;Фрида;915-8237363
Кононова;Августа;915-1180053
Шилова;Доминика;915-6677287
Лаврентьева;Милослава;915-2091957
Ершова;Богдана;915-9102024
Цветкова;Милена;915-3531520
Абрамова;Эдита;915-6309884
Михеева;Ветта;915-8262893
Турова;Алиса;915-6096645
Колобова;Янина;915-2498405
Филатова;Таира;915-2455159
Кондратьева;Владлена;915-8721749
Егорова;Вероника;915-2444533
Тарасова;Харитина;915-8619432
Исакова;Эля;915-7629729
Галкина;Роксалана;915-5752215
Лебедева;Элоиза;915-6532771
Тетерина;Виоланта;915-6626122
Селезнёва;Дина;915-2968269
Исакова;Нонна;915-1311424
Исаева;Элизабет;915-7464730
Князева;Аделина;915-6439968
Васильева;Джема;915-2531689
Гущина;Наоми;915-6473770
Селиверстова;Элоиза;915-8431335
Кондратьева;Мила;915-9614163
Алексеева;Сусанна;915-7610534
Рожкова;Жаклин;915-5399672
Мартынова;Вида;915-3429845
Бирюкова;Тамара;915-7467420
Владимирова;Серафима;915-4172136
Зайцева;Эрида;915-7614254
Шарова;Юланта;915-1778466
Денисова;Нонна;915-9577233
Сорокина;Лина;915-5222577
Носова;Вида;915-9066079
